lead_id,store_name,lead_channel_label,google_maps_category,instagram_handle,followers,items_listed,sell_through_rate,website,email,phone,owner_name,address,city,neighbourhood,country,lat,lng,est_monthly_spend_gbp,lead_stage,last_contact_date,last_purchase_date,notes,lead_source,stage_clean,channel_clean,last_contact_date_clean,last_purchase_date_clean,is_genuine_lead,has_email,has_phone,has_owner_name,best_contact_method,contact_completeness
L1028,Faded Apparel,store,Used clothing store,@fadedapparel,16512.0,,,fadedapparel.co.uk,info@fadedapparel.com,,Ben Byrne,172 Market St,London,"Camden, London",UK,51.54759,-0.14668,4143,closed - won,20 Jun,2026/06/02,80s/90s denim & sportswear specialist,Inbound,customer,physical,2026-06-20,2026-02-06,True,True,False,True,email,3
L1104,Heirloom Archive,physical,Vintage clothing store,@heirloomarchive,12056.0,,,heirloomarchive.shop,info@heirloomarchiv.com,,Grace Marsh,45 High St,Paris,"Le Marais, Paris",France,48.86985,2.36851,2767,won,2026/05/12,2026/05/19,Reworked vintage and archive designer pieces,Referral,customer,physical,2026-12-05,2026-05-19,True,True,False,True,email,3
L1138,retrosupply58,,,@retrosupply58,20389.0,1151.0,60%,,,,,,,,,,,764,closed - won,2026/05/22,19/06/2026,"Whatnot seller, live sales",Whatnot,customer,online_reseller,2026-05-22,2026-06-19,True,False,False,False,instagram_dm,1
L1184,archivefinds36,,,@archivefinds36,39209.0,440.0,38%,,,,,,,,,,,1613,won,2026-06-30,2026/06/27,"IG shop, DMs open",Whatnot,customer,online_reseller,2026-06-30,2026-06-27,True,False,False,False,instagram_dm,1
L1134,thriftedpicks46,depop,,@thriftedpicks46,46812.0,247.0,7%,,,,,,,,,,,938,won,10 Jun,24 Jun,Sells on Depop + Vinted,Whatnot,customer,online_reseller,2026-06-10,2026-06-24,True,False,False,False,instagram_dm,1
L1157,archiveco79,,,@archiveco79,56653.0,141.0,59%,,archiveco79@gmail.com,,,,,,,,,1417,closed - won,22 Apr,2026-05-28,"IG shop, DMs open",Depop scrape,customer,online_reseller,2026-04-22,2026-05-28,True,True,False,False,instagram_dm,2
L1097,Faded Vault,,Consignment store,@fadedvault,21308.0,,,fadedvault.com,,+44 7552696582,Noor Meyer,19 High St,Glasgow,Glasgow,UK,55.8663,-4.26347,656,won,2026-04-16,2026-05-22,"Vintage workwear, military surplus, carhartt | Owner mentioned they already buy from a Pakistan supplier.",Market visit,customer,physical,2026-04-16,2026-05-22,True,False,True,True,phone,3
L1004,Heirloom Store,shop,Vintage boutique,@heirloomstore,28616.0,,,heirloomstore.shop,info@heirloomstore.com,,Chloe Dubois,17 Broadway,London,"Shoreditch, London",UK,51.52116,-0.06009,8087,WON,17/06/2026,26 May,"Y2K, grunge and reworked one-off pieces",Referral,customer,physical,2026-06-17,2026-05-26,True,True,False,True,email,3
L1036,Patina Emporium,,Used clothing store,@patinaemporium,22561.0,,,,,+44 7516048175,Rosa Ferreira,68 Broadway,London,"Camden, London",UK,51.54674,-0.13203,1534,lapsed,31 Mar,July 27 2025,Retro football shirts & vintage sportswear | Keen but wants to see the app before committing.,Market visit,churned,physical,2026-03-31,2025-07-27,True,False,True,True,phone,3
L1198,THE COSTUME TRUNK,,Flea market,@thecostumetrunk,12987.0,,,thecostumetrunk.co.uk,,+44 7325953278,Sam Meyer,79 Kingsland Rd,London,"Soho, London",UK,51.50236,-0.12331,1196,Churned,2026/05/09,,"Records, vinyl & memorabilia",BDR,churned,physical,2026-09-05,,True,False,True,True,phone,3
L1201,NOMAD ROOM,,Vintage clothing store,@nomadroom,5647.0,,,nomadroom.co.uk,info@nomadroom.com,+44 7362266093,,116 Broadway,Bristol,"Stokes Croft, Bristol",UK,51.46233,-2.58509,3732,Churned,May 4 2026,,80s/90s denim & sportswear specialist | ,Google Maps scrape,churned,physical,2026-05-04,,True,True,True,False,email,3
L1133,stockrail59,IG,,@stockrail59,56133.0,960.0,26%,,,,,,,,,,,236,lapsed,May 2 2026,2025-11-10,Sells on Depop + Vinted,Vinted scrape,churned,online_reseller,2026-05-02,2025-10-11,True,False,False,False,instagram_dm,1
L1186,retrofinds66,,,@retrofinds66,17193.0,936.0,29%,,,,,,,,,,,2352,stopped buying,20 Apr,January 2 2026,"Fast seller, good margins",Instagram,churned,online_reseller,2026-04-20,2026-01-02,True,False,False,False,instagram_dm,1
L1190,archivefinds16,,,@archivefinds16,63583.0,116.0,59%,,,,,,,,,,,2046,dormant,May 1 2026,September 28 2025,"Fast seller, good margins",Whatnot,churned,online_reseller,2026-05-01,2025-09-28,True,False,False,False,instagram_dm,1
L1165,grailroom62,,,@grailroom62,15987.0,158.0,21%,,,,,,,,,,,1218,Churned,2026/06/05,3 Dec,"Fast seller, good margins",Instagram,churned,online_reseller,2026-05-06,2026-12-03,True,False,False,False,instagram_dm,1
L1002,Second & Sons,store,Retro clothing shop,@secondandsons,2679.0,,,secondandsons.com,info@secondandsons.com,+44 7316475255,,54 Mill Lane,London,"Shoreditch, London",UK,51.52884,-0.06759,6770,dormant,26/06/2026,2026/01/14,"Curated vintage womenswear, Levi's & band tees | ",BDR,churned,physical,2026-06-26,2026-01-14,True,True,True,False,email,3
L1105,Foundry Archive,physical,Vintage boutique,@foundryarchive,27032.0,,,foundryarchive.com,info@foundryarchive.com,+33 672151070,,44 Broadway,Paris,"Le Marais, Paris",France,48.86672,2.35748,6501,churned,2026-06-22,15 Dec,"Curated vintage womenswear, Levi's & band tees | ",Market visit,churned,physical,2026-06-22,2026-12-15,True,True,True,False,email,3
L1143,depoprail41,depop,,@depoprail41,14109.0,1300.0,60%,,depoprail41@gmail.com,,,,,,,,,1751,Churned,June 3 2026,2025/10/06,,Vinted scrape,churned,online_reseller,2026-06-03,2025-06-10,True,True,False,False,instagram_dm,2
L1058,Thread Rail,store,Consignment store,@threadrail,15144.0,,,,,,Sofia Baker,164 Church Rd,London,"Notting Hill, London",UK,51.51543,-0.2049,3845,dormant,2026/05/03,22 Sep,Hand-picked vintage from the 60s to the 90s,Google Maps scrape,churned,physical,2026-03-05,2026-09-22,True,False,False,True,instagram_dm,2
L1171,reworkeddrip77,depop,,@reworkeddrip77,62879.0,205.0,18%,,,,,,,,,,,200,Churned,01/05/2026,8 Jan,,Vinted scrape,churned,online_reseller,2026-05-01,2026-01-08,True,False,False,False,instagram_dm,1
L1009,Cedar Wardrobe,physical,Retro clothing shop,@cedarwardrobe,24909.0,,,cedarwardrobe.shop,info@cedarwardrobe.com,+44 7788208121,,153 Market St,London,"Shoreditch, London",UK,51.52821,-0.07836,405,stopped buying,2026-05-22,18 Aug,"Y2K, grunge and reworked one-off pieces | Instagram DMs open, email bounced.",BDR,churned,physical,2026-05-22,2026-08-18,True,True,True,False,email,3
L1064,Faded Trading Co,,Used clothing store,@fadedtradingco,7856.0,,,,info@fadedtradingco.com,+44 7728962309,,180 Market St,London,"Soho, London",UK,51.50638,-0.13542,2300,stopped buying,2026-03-31,2025-11-17,"Curated vintage womenswear, Levi's & band tees | Price-sensitive, compares to local wholesalers.",Instagram,churned,physical,2026-03-31,2025-11-17,True,True,True,False,email,3
L1154,grailfinds46,depop,,@grailfinds46,40551.0,207.0,23%,,,,,,,,,,,413,Churned,6 May,2025-11-24,"Fast seller, good margins",Vinted scrape,churned,online_reseller,2026-05-06,2025-11-24,True,False,False,False,instagram_dm,1
L1122,Kestrel Store,,Used clothing store,,,,,kestrelstore.co.uk,info@kestrelstore.com,+33 671709991,,121 Union St,New York,"Williamsburg, New York",USA,40.71501,-73.95118,435,lapsed,May 15 2026,2025-08-20,Reworked vintage and archive designer pieces | Busy on weekends — visit midweek.,Market visit,churned,physical,2026-05-15,2025-08-20,True,True,True,False,email,2
L1099,Nomad Vault,physical,Thrift store,@nomadvault,12585.0,,,,info@nomadvault.com,+44 7056481491,,128 Kingsland Rd,Glasgow,Glasgow,UK,55.86446,-4.26247,3456,negotiating,June 15 2026,,Reworked vintage and archive designer pieces,BDR,negotiating,physical,2026-06-15,,True,True,True,False,email,3
L1174,eraera65,IG,,@eraera65,59912.0,1265.0,39%,,,,,,,,,,,1727,Negotiating,1 Jul,,,Instagram,negotiating,online_reseller,2026-07-01,,True,False,False,False,instagram_dm,1
L1037,Static Racks,shop,Vintage boutique,@staticracks,8093.0,,,,info@staticracks.com,+44 7675869261,Ines Dubois,105 Mill Lane,London,"Peckham, London",UK,51.46279,-0.07211,1420,trial pending,2026/03/10,,"Curated vintage womenswear, Levi's & band tees | Keen but wants to see the app before committing.",Inbound,negotiating,physical,2026-10-03,,True,True,True,True,email,4
L1045,Faded Denim,physical,Vintage clothing store,,,,,fadeddenim.co.uk,info@fadeddenim.com,+44 7136968164,,87 Union St,London,"Dalston, London",UK,51.54199,-0.08296,902,trial pending,May 4 2026,,"Vintage streetwear — Nike, Adidas, Ralph",Google Maps scrape,negotiating,physical,2026-05-04,,True,True,True,False,email,2
L1001,Faded & Sons,,Consignment store,@fadedandsons,1269.0,,,fadedandsons.co.uk,info@fadedandsons.com,+44 7379402654,Sofia Klein,87 Market St,London,"Shoreditch, London",UK,51.51423,-0.08168,4064,quote sent,21/04/2026,,"Vintage workwear, military surplus, carhartt",Referral,negotiating,physical,2026-04-21,,True,True,True,True,email,4
L1030,Faded Loft,shop,Vintage & retro fashion,,,,,,info@fadedloft.com,+44 7748467737,Freya Rossi,99 Union St,London,"Camden, London",UK,51.54912,-0.1424,3558,sent pricing,2026-05-03,,"Vintage workwear, military surplus, carhartt",Google Maps scrape,negotiating,physical,2026-03-05,,True,True,True,True,email,3
L1018,Analog Loft,shop,Used clothing store,,,,,analogloft.com,info@analogloft.com,+44 7623166587,Chloe Okafor,53 Broadway,London,"Brick Lane, London",UK,51.51835,-0.06502,4029,meeting set,21/06/2026,,Retro football shirts & vintage sportswear,Google Maps scrape,negotiating,physical,2026-06-21,,True,True,True,True,email,3
L1152,stockfinds96,depop,,@stockfinds96,3282.0,209.0,9%,,,,,,,,,,,2079,Negotiating,25/06/2026,,"IG shop, DMs open",Depop scrape,negotiating,online_reseller,2026-06-25,,True,False,False,False,instagram_dm,1
L1121,Dusty Depot,physical,Vintage boutique,@dustydepot,14115.0,,,,info@dustydepot.com,+33 699353875,,130 Mill Lane,New York,"Williamsburg, New York",USA,40.72329,-73.95182,5106,meeting set,11 May,,80s/90s denim & sportswear specialist,BDR,negotiating,physical,2026-05-11,,True,True,True,False,email,3
L1010,Second Racks,,Vintage clothing store,@secondracks,13369.0,,,,info@secondracks.com,,Ben Bennett,3 Kingsland Rd,London,"Shoreditch, London",UK,51.52691,-0.07049,5875,demo booked,June 15 2026,,"Hand-picked vintage from the 60s to the 90s | Met at a market, said to drop by the shop.",BDR,negotiating,physical,2026-06-15,,True,True,False,True,email,3
L1095,Moth Vault,,Vintage boutique,@mothvault,19853.0,,,mothvault.com,info@mothvault.com,+44 7051627136,Tom Shah,27 The Parade,Leeds,Leeds,UK,53.79652,-1.55402,1265,negotiating,2026/06/03,,"80s/90s denim & sportswear specialist | Tried us in 2023, wasn't happy with the sizing mix.",Instagram,negotiating,physical,2026-03-06,,True,True,True,True,email,4
L1103,Pinegrove Store,,Retro clothing shop,@pinegrovestore,24496.0,,,,info@pinegrovestore.com,+33 643132912,Priya Nowak,116 Kingsland Rd,Paris,"Le Marais, Paris",France,48.85454,2.3509,2579,visit booked,May 21 2026,,"Curated vintage womenswear, Levi's & band tees | Keen but wants to see the app before committing.",Market visit,negotiating,physical,2026-05-21,,True,True,True,True,email,4
L1126,Retrograde Racks,physical,Second-hand shop,@retrograderacks,23398.0,,,retrograderacks.co.uk,info@retrograderack.com,+33 661849926,Priya Ali,159 Market St,Los Angeles,"Melrose, Los Angeles",USA,34.07858,-118.35417,7414,Visit booked,12/06/2026,,"Curated vintage womenswear, Levi's & band tees | Instagram DMs open, email bounced.",BDR,negotiating,physical,2026-06-12,,True,True,True,True,email,4
L1111,Velvet Exchange,physical,Vintage boutique,@velvetexchange,3940.0,,,velvetexchange.co.uk,info@velvetexchange.com,+33 676267658,Oscar Shah,123 Union St,Berlin,"Kreuzberg, Berlin",Germany,52.4909,13.39277,3572,sent pricing,2026-03-31,,"Curated vintage womenswear, Levi's & band tees",Inbound,negotiating,physical,2026-03-31,,True,True,True,True,email,4
L1195,Analog Room,,Vintage & retro fashion,,,,,analogroom.shop,,+44 7345401938,Jack Okafor,45 Broadway,Brighton,"North Laine, Brighton",UK,50.83517,-0.14778,2281,Visit booked,28 May,,"Vintage workwear, military surplus, carhartt",Market visit,negotiating,physical,2026-05-28,,True,False,True,True,phone,2
L1160,theco92,depop,,@theco92,9601.0,709.0,35%,,,,,,,,,,,1990,trial pending,3 May,,"IG shop, DMs open",Whatnot,negotiating,online_reseller,2026-05-03,,True,False,False,False,instagram_dm,1
L1003,Analog Emporium,physical,Retro clothing shop,@analogemporium,10736.0,,,analogemporium.com,info@analogemporium.com,,,146 The Parade,London,"Shoreditch, London",UK,51.5171,-0.07202,2933,negotiating,May 11 2026,,Hand-picked vintage from the 60s to the 90s,Instagram,negotiating,physical,2026-05-11,,True,True,False,False,email,2
L1206,Velvet Corner,shop,Thrift store,@velvetcorner,1643.0,,,velvetcorner.shop,,,,57 High St,Paris,"Le Marais, Paris",France,48.85963,2.34802,3721,negotiating,2026/06/06,,Reworked vintage and archive designer pieces,BDR,negotiating,physical,2026-06-06,,True,False,False,False,instagram_dm,1
L1041,Sunday Collective,physical,Flea market,,,,,sundaycollective.com,info@sundaycollecti.com,+44 7615280988,Ben Ferreira,32 Broadway,London,"Peckham, London",UK,51.47049,-0.06503,1256,sent pricing,2026-06-23,,Fancy dress & theatrical costume hire,Instagram,negotiating,physical,2026-06-23,,True,True,True,True,email,3
L1205,Foundry Room,store,Consignment store,@foundryroom,15912.0,,,foundryroom.com,,+44 7345054156,Oscar Novak,99 The Parade,London,"Notting Hill, London",UK,51.52037,-0.19609,990,visiting,03/06/2026,,"Vintage workwear, military surplus, carhartt | Met at a market, said to drop by the shop.",Inbound,negotiating,physical,2026-06-03,,True,False,True,True,phone,3
L1033,Static Loft,shop,Retro clothing shop,@staticloft,28992.0,,,staticloft.shop,,+44 7400504556,Sofia Diallo,136 Broadway,London,"Camden, London",UK,51.54058,-0.13558,2145,sent pricing,19 Jun,,"80s/90s denim & sportswear specialist | Heard of Fleek, thinks it's 'for small resellers'.",Referral,negotiating,physical,2026-06-19,,True,False,True,True,phone,3
L1017,Loop Studio,,Retro clothing shop,@loopstudio,18665.0,,,,,+44 7278895798,,110 Cheshire St,London,"Brick Lane, London",UK,51.5197,-0.07968,2489,Negotiating,2026-05-31,,Retro football shirts & vintage sportswear,Market visit,negotiating,physical,2026-05-31,,True,False,True,False,phone,2
L1027,Heirloom Goods,,Thrift store,@heirloomgoods,19051.0,,,heirloomgoods.com,,+44 7746488771,Mila Okafor,111 The Parade,London,"Camden, London",UK,51.54149,-0.15398,1107,meeting set,March 6 2026,,"Vintage workwear, military surplus, carhartt | ",Referral,negotiating,physical,2026-03-06,,True,False,True,True,phone,3
L1046,Loop Apparel,,Used clothing store,@loopapparel,21879.0,,,loopapparel.co.uk,info@loopapparel.com,+44 7997995527,Tom Meyer,114 Mill Lane,London,"Dalston, London",UK,51.55311,-0.07281,1787,negotiating,22/06/2026,,"Vintage streetwear — Nike, Adidas, Ralph | Heard of Fleek, thinks it's 'for small resellers'.",Inbound,negotiating,physical,2026-06-22,,True,True,True,True,email,4
L1158,studiofinds26,depop,,@studiofinds26,9202.0,1372.0,20%,,,,,,,,,,,200,trial pending,June 19 2026,,,Depop scrape,negotiating,online_reseller,2026-06-19,,True,False,False,False,instagram_dm,1
L1102,Bygone Threads,shop,Vintage boutique,@bygonethreads,3806.0,,,,,+33 667024103,,134 Broadway,Paris,"Le Marais, Paris",France,48.86382,2.35694,5257,Visit booked,2026/06/05,,"Vintage streetwear — Nike, Adidas, Ralph",Google Maps scrape,negotiating,physical,2026-05-06,,True,False,True,False,phone,2
L1155,reworkedco18,IG,,@reworkedco18,20333.0,1356.0,28%,,,,,,,,,,,1529,quote sent,21/04/2026,,Sells on Depop + Vinted,Depop scrape,negotiating,online_reseller,2026-04-21,,True,False,False,False,instagram_dm,1
L1202,WILDER GOODS,,Used clothing store,,,,,wildergoods.com,info@wildergoods.com,,Ellie Rossi,167 Mill Lane,Leeds,Leeds,UK,53.79152,-1.53881,1242,sent pricing,2026/05/08,,80s/90s denim & sportswear specialist | ,Inbound,negotiating,physical,2026-08-05,,True,True,False,True,email,2
L1070,Pinegrove Studio,,Used clothing store,@pinegrovestudio,20248.0,,,pinegrovestudio.co.uk,info@pinegrovestudi.com,+44 7833918785,,20 Market St,Brighton,"North Laine, Brighton",UK,50.81548,-0.13886,5236,meeting set,15 May,,"Curated vintage womenswear, Levi's & band tees",Referral,negotiating,physical,2026-05-15,,True,True,True,False,email,3
L1149,sourcedco83,reseller,,@sourcedco83,45531.0,687.0,29%,,,,,,,,,,,3272,responded,May 13 2026,,,Whatnot,replied,online_reseller,2026-05-13,,True,False,False,False,instagram_dm,1
L1147,eraroom41,,,@eraroom41,11244.0,881.0,39%,,,,,,,,,,,1015,replied,03/06/2026,,,Whatnot,replied,online_reseller,2026-06-03,,True,False,False,False,instagram_dm,1
L1127,Marlowe Vintage,,Consignment store,@marlowevintage,4018.0,,,marlowevintage.com,info@marlowevintage.com,+33 618114374,Yusuf Novak,13 Market St,Los Angeles,"Melrose, Los Angeles",USA,34.09132,-118.35202,3472,replied,2026/03/17,,Hand-picked vintage from the 60s to the 90s,Inbound,replied,physical,2026-03-17,,True,True,True,True,email,4
L1087,Mercer Archive,store,Second-hand shop,@mercerarchive,23024.0,,,mercerarchive.com,info@mercerarchive.com,+44 7714611254,Ben Novak,53 Cheshire St,Bristol,"Stokes Croft, Bristol",UK,51.46459,-2.59057,2126,responded,28/04/2026,,"Curated vintage womenswear, Levi's & band tees | ",Market visit,replied,physical,2026-04-28,,True,True,True,True,email,4
L1091,Wilder Supply,store,Thrift store,@wildersupply,14331.0,,,wildersupply.com,info@wildersupply.com,+44 7745171339,,177 The Parade,Bristol,"Stokes Croft, Bristol",UK,51.47367,-2.58735,1306,In conversation,18/06/2026,,"Curated vintage womenswear, Levi's & band tees | Instagram DMs open, email bounced.",BDR,replied,physical,2026-06-18,,True,True,True,False,email,3
L1175,retrothreads90,,,@retrothreads90,52544.0,810.0,27%,,,,,,,,,,,200,replied,2026-04-19,,"Fast seller, good margins",Vinted scrape,replied,online_reseller,2026-04-19,,True,False,False,False,instagram_dm,1
L1116,Attic Supply,,Used clothing store,@atticsupply,5256.0,,,atticsupply.com,,+33 619148564,,99 Kingsland Rd,Amsterdam,Amsterdam,Netherlands,52.36933,4.90345,4547,Replied,2026/04/20,,"Y2K, grunge and reworked one-off pieces | Price-sensitive, compares to local wholesalers.",BDR,replied,physical,2026-04-20,,True,False,True,False,phone,2
L1007,Marlowe Denim,physical,Vintage clothing store,@marlowedenim,1429.0,,,marlowedenim.shop,info@marlowedenim.com,+44 7347382997,,63 Kingsland Rd,London,"Shoreditch, London",UK,51.53138,-0.07943,3801,replied,March 13 2026,,"Vintage workwear, military surplus, carhartt | Price-sensitive, compares to local wholesalers.",Inbound,replied,physical,2026-03-13,,True,True,True,False,email,3
L1075,Bygone Garments,shop,Vintage boutique,@bygonegarments,14048.0,,,,info@bygonegarments.com,+44 7634351751,,138 Union St,Brighton,"North Laine, Brighton",UK,50.81524,-0.14295,806,replied,2026/04/21,,"Y2K, grunge and reworked one-off pieces",Google Maps scrape,replied,physical,2026-04-21,,True,True,True,False,email,3
L1185,retrosupply29,,,@retrosupply29,38477.0,39.0,21%,,,,,,,,,,,1885,replied,2026-04-21,,,Whatnot,replied,online_reseller,2026-04-21,,True,False,False,False,instagram_dm,1
L1117,Attic Room,shop,Consignment store,@atticroom,16509.0,,,atticroom.com,,+33 647546913,,114 Union St,Amsterdam,Amsterdam,Netherlands,52.37752,4.90187,2547,In conversation,2026-03-14,,"Vintage streetwear — Nike, Adidas, Ralph | Met at a market, said to drop by the shop.",Inbound,replied,physical,2026-03-14,,True,False,True,False,phone,2
L1071,Worn Exchange,,Vintage & retro fashion,@wornexchange,18878.0,,,wornexchange.shop,,+44 7406403910,Chloe Haddad,180 Market St,Brighton,"North Laine, Brighton",UK,50.82699,-0.15055,3357,Replied,2026/06/24,,Retro football shirts & vintage sportswear,Market visit,replied,physical,2026-06-24,,True,False,True,True,phone,3
L1137,reworkedvault89,,,@reworkedvault89,40525.0,689.0,37%,,reworkedvault89@gmail.com,,,,,,,,,2088,replied,15/04/2026,,"IG shop, DMs open",Instagram,replied,online_reseller,2026-04-15,,True,True,False,False,instagram_dm,2
L1015,Loop Wardrobe,,Vintage clothing store,@loopwardrobe,28187.0,,,loopwardrobe.co.uk,info@loopwardrobe.com,+44 7656482366,,174 Church Rd,London,"Brick Lane, London",UK,51.52377,-0.07628,7824,replied,June 16 2026,,Hand-picked vintage from the 60s to the 90s,Google Maps scrape,replied,physical,2026-06-16,,True,True,True,False,email,3
L1136,eraarchive59,,,@eraarchive59,1084.0,1116.0,52%,,eraarchive59@gmail.com,,,,,,,,,1122,responded,2026/06/25,,"Fast seller, good margins",Instagram,replied,online_reseller,2026-06-25,,True,True,False,False,instagram_dm,2
L1167,stockdrip47,,,@stockdrip47,64545.0,486.0,38%,,,,,,,,,,,200,Replied,18 May,,"Fast seller, good margins",Depop scrape,replied,online_reseller,2026-05-18,,True,False,False,False,instagram_dm,1
L1062,Velvet Room,store,Vintage clothing store,@velvetroom,12385.0,,,velvetroom.com,info@velvetroom.com,+44 7609835841,Oscar Ali,116 Cheshire St,London,"Soho, London",UK,51.50851,-0.12226,879,in convo,26 Mar,,"Y2K, grunge and reworked one-off pieces",Google Maps scrape,replied,physical,2026-03-26,,True,True,True,True,email,4
L1044,Relic Vault,store,Vintage & retro fashion,@relicvault,7321.0,,,relicvault.co.uk,info@relicvault.com,+44 7510762268,,59 Cheshire St,London,"Peckham, London",UK,51.47541,-0.06497,4040,In conversation,25/03/2026,,"Retro football shirts & vintage sportswear | Price-sensitive, compares to local wholesalers.",Instagram,replied,physical,2026-03-25,,True,True,True,False,email,3
L1199,Ragged Goods,store,Used clothing store,@raggedgoods,11003.0,,,raggedgoods.co.uk,info@raggedgoods.com,+44 7374549904,,168 The Parade,Brighton,"North Laine, Brighton",UK,50.83063,-0.15051,3932,Replied,29/06/2026,,"Vintage workwear, military surplus, carhartt | Busy on weekends — visit midweek.",BDR,replied,physical,2026-06-29,,True,True,True,False,email,3
L1060,Bygone Racks,physical,Thrift store,@bygoneracks,10146.0,,,,info@bygoneracks.com,,,41 Kingsland Rd,London,"Soho, London",UK,51.51177,-0.13485,2389,responded,2026-05-04,,"80s/90s denim & sportswear specialist | Tried us in 2023, wasn't happy with the sizing mix.",Inbound,replied,physical,2026-04-05,,True,True,False,False,email,2
L1113,Heirloom Vault,physical,Consignment store,@heirloomvault,20067.0,,,heirloomvault.com,info@heirloomvault.com,+33 632417146,Ines Meyer,170 Mill Lane,Berlin,"Kreuzberg, Berlin",Germany,52.48919,13.40406,2637,in convo,01/05/2026,,"Y2K, grunge and reworked one-off pieces | Price-sensitive, compares to local wholesalers.",Inbound,replied,physical,2026-05-01,,True,True,True,True,email,4
L1016,Echo Garments,,Vintage & retro fashion,@echogarments,21989.0,,,,info@echogarments.com,+44 7951343320,,12 Union St,London,"Brick Lane, London",UK,51.53261,-0.06883,3427,in convo,June 21 2026,,"Vintage streetwear — Nike, Adidas, Ralph",Market visit,replied,physical,2026-06-21,,True,True,True,False,email,3
L1169,deadroom16,reseller,,@deadroom16,32356.0,1010.0,35%,,,,,,,,,,,1530,in convo,2026-05-10,,"Whatnot seller, live sales",Depop scrape,replied,online_reseller,2026-10-05,,True,False,False,False,instagram_dm,1
L1142,retroarchive14,,,@retroarchive14,26286.0,516.0,37%,,,,,,,,,,,806,responded,2026-05-26,,"Fast seller, good margins",Instagram,replied,online_reseller,2026-05-26,,True,False,False,False,instagram_dm,1
L1066,Wilder Exchange,store,Retro clothing shop,@wilderexchange,11709.0,,,,info@wilderexchange.com,+44 7041574733,,138 Mill Lane,Brighton,"North Laine, Brighton",UK,50.83639,-0.13529,845,In conversation,25/03/2026,,"Vintage streetwear — Nike, Adidas, Ralph | Instagram DMs open, email bounced.",Instagram,replied,physical,2026-03-25,,True,True,True,False,email,3
L1153,deadco34,,,@deadco34,21535.0,64.0,29%,,,,,,,,,,,883,1st touch sent,2026/04/10,,Sells on Depop + Vinted,Depop scrape,contacted,online_reseller,2026-10-04,,True,False,False,False,instagram_dm,1
L1085,Golden Era Closet,store,Used clothing store,@goldeneracloset,12722.0,,,goldeneracloset.com,info@goldeneraclose.com,+44 7939828073,,113 Mill Lane,Bristol,"Stokes Croft, Bristol",UK,51.47295,-2.60034,1419,CONTACTED,27 May,,"Vintage workwear, military surplus, carhartt",Market visit,contacted,physical,2026-05-27,,True,True,True,False,email,3
L1182,deadthreads93,,,@deadthreads93,19574.0,1253.0,8%,,,,,,,,,,,1769,1st touch sent,9 Jun,,"Fast seller, good margins",Depop scrape,contacted,online_reseller,2026-06-09,,True,False,False,False,instagram_dm,1
L1114,Second Wardrobe,,Retro clothing shop,@secondwardrobe,26882.0,,,secondwardrobe.com,info@secondwardrobe.com,+33 680686879,,61 Kingsland Rd,Berlin,"Kreuzberg, Berlin",Germany,52.49417,13.40048,3077,CONTACTED,23 Apr,,Retro football shirts & vintage sportswear,Google Maps scrape,contacted,physical,2026-04-23,,True,True,True,False,email,3
L1021,Golden Era Finds,physical,Vintage clothing store,,,,,,info@goldenerafinds.com,+44 7496631931,Ellie Lopez,176 Market St,London,"Brick Lane, London",UK,51.52811,-0.06992,1915,emailed,2026/06/18,,"Vintage workwear, military surplus, carhartt | Met at a market, said to drop by the shop.",Market visit,contacted,physical,2026-06-18,,True,True,True,True,email,3
L1166,thriftedthreads84,depop,,@thriftedthreads84,55514.0,569.0,42%,,,,,,,,,,,1594,emailed,2026/04/23,,"Whatnot seller, live sales",Instagram,contacted,online_reseller,2026-04-23,,True,False,False,False,instagram_dm,1
L1029,Attic Apparel,store,Thrift store,@atticapparel,2176.0,,,,,,Mila Meyer,161 Kingsland Rd,London,"Camden, London",UK,51.54524,-0.14971,1618,1st touch sent,2026/06/07,,80s/90s denim & sportswear specialist,Inbound,contacted,physical,2026-07-06,,True,False,False,True,instagram_dm,2
L1125,Marlowe Exchange,,Consignment store,@marloweexchange,4699.0,,,marloweexchange.shop,info@marloweexchang.com,,,44 Market St,New York,"Williamsburg, New York",USA,40.7118,-73.95639,1193,contacted,2026-06-04,,Reworked vintage and archive designer pieces | ,Inbound,contacted,physical,2026-04-06,,True,True,False,False,email,2
L1031,Bygone Exchange,,Vintage & retro fashion,@bygoneexchange,11293.0,,,bygoneexchange.co.uk,info@bygoneexchange.com,+44 7533963605,,122 Broadway,London,"Camden, London",UK,51.53627,-0.13867,3749,emailed,2026/04/22,,"Y2K, grunge and reworked one-off pieces",BDR,contacted,physical,2026-04-22,,True,True,True,False,email,3
L1129,Kestrel Goods,,Vintage & retro fashion,@kestrelgoods,16394.0,,,,,,,12 Market St,Los Angeles,"Melrose, Los Angeles",USA,34.07808,-118.36546,4499,Contacted,17 Jun,,Retro football shirts & vintage sportswear,Instagram,contacted,physical,2026-06-17,,True,False,False,False,instagram_dm,1
L1049,Marlowe Rail,,Thrift store,@marlowerail,10092.0,,,,info@marlowerail.com,+44 7880592962,Leo Nowak,178 Church Rd,London,"Dalston, London",UK,51.55131,-0.08595,2428,contacted,2026-03-15,,Hand-picked vintage from the 60s to the 90s | ,BDR,contacted,physical,2026-03-15,,True,True,True,True,email,4
L1098,Attic Rail,store,Vintage & retro fashion,@atticrail,19616.0,,,atticrail.shop,info@atticrail.com,,,112 Union St,Glasgow,Glasgow,UK,55.85359,-4.26173,1920,CONTACTED,2026-04-11,,"Reworked vintage and archive designer pieces | Left a voicemail, no callback yet.",Referral,contacted,physical,2026-11-04,,True,True,False,False,email,2
L1048,Worn Trading Co,store,Used clothing store,@worntradingco,18683.0,,,worntradingco.co.uk,info@worntradingco.com,+44 7925192546,,34 Market St,London,"Dalston, London",UK,51.54143,-0.07796,4189,CONTACTED,6 Apr,,"Y2K, grunge and reworked one-off pieces",BDR,contacted,physical,2026-04-06,,True,True,True,False,email,3
L1106,Echo Emporium,physical,Used clothing store,@echoemporium,18444.0,,,echoemporium.co.uk,info@echoemporium.com,+33 662638380,Oscar Haddad,123 Cheshire St,Paris,"Le Marais, Paris",France,48.86575,2.35626,3374,contacted,2026-05-01,,"Y2K, grunge and reworked one-off pieces",Inbound,contacted,physical,2026-01-05,,True,True,True,True,email,4
L1159,thepicks63,,,@thepicks63,10787.0,1188.0,41%,,,,,,,,,,,882,emailed,08/05/2026,,Sells on Depop + Vinted,Whatnot,contacted,online_reseller,2026-05-08,,True,False,False,False,instagram_dm,1
L1040,Curated Racks,store,Vintage clothing store,@curatedracks,14934.0,,,,info@curatedracks.com,+44 7921249985,Oscar Dubois,136 Mill Lane,London,"Peckham, London",UK,51.47289,-0.06647,607,Contacted,2026-06-22,,"Y2K, grunge and reworked one-off pieces | ",Google Maps scrape,contacted,physical,2026-06-22,,True,True,True,True,email,4
L1194,Attic Finds,store,Second-hand shop,@atticfinds,16392.0,,,,info@atticfinds.com,+44 7901751863,,110 Union St,Leeds,Leeds,UK,53.79957,-1.55345,1271,1st touch sent,27/05/2026,,"Y2K, grunge and reworked one-off pieces | Met at a market, said to drop by the shop.",Referral,contacted,physical,2026-05-27,,True,True,True,False,email,3
L1156,thriftedgoods77,depop,,@thriftedgoods77,14566.0,734.0,18%,,,,,,,,,,,1364,emailed,2026/05/10,,"Whatnot seller, live sales",Vinted scrape,contacted,online_reseller,2026-10-05,,True,False,False,False,instagram_dm,1
L1150,thriftedera99,reseller,,@thriftedera99,20227.0,1364.0,17%,,,,,,,,,,,307,emailed,2026/05/21,,Sells on Depop + Vinted,Depop scrape,contacted,online_reseller,2026-05-21,,True,False,False,False,instagram_dm,1
L1177,deadera16,depop,,@deadera16,27594.0,771.0,11%,,,,,,,,,,,2136,1st touch sent,May 30 2026,,,Instagram,contacted,online_reseller,2026-05-30,,True,False,False,False,instagram_dm,1
L1026,Curated Apparel,shop,Vintage & retro fashion,@curatedapparel,24651.0,,,curatedapparel.co.uk,info@curatedapparel.com,+44 7123281206,Sam Dubois,121 Mill Lane,London,"Camden, London",UK,51.52778,-0.14769,5126,1st touch sent,19/06/2026,,"Hand-picked vintage from the 60s to the 90s | Left a voicemail, no callback yet.",Google Maps scrape,contacted,physical,2026-06-19,,True,True,True,True,email,4
L1163,stockvault47,depop,,@stockvault47,9574.0,981.0,37%,,,,,,,,,,,497,emailed,2026-04-28,,,Vinted scrape,contacted,online_reseller,2026-04-28,,True,False,False,False,instagram_dm,1
L1107,Revival Threads,,Used clothing store,@revivalthreads,21924.0,,,,info@revivalthreads.com,+33 603965223,,152 The Parade,Paris,"Le Marais, Paris",France,48.86635,2.36474,6348,1st touch sent,June 1 2026,,"Vintage workwear, military surplus, carhartt",Google Maps scrape,contacted,physical,2026-06-01,,True,True,True,False,email,3
L1130,Curated Vault,physical,Used clothing store,@curatedvault,29631.0,,,curatedvault.shop,info@curatedvault.com,+33 628772175,,62 The Parade,Los Angeles,"Melrose, Los Angeles",USA,34.09508,-118.37179,5504,contacted,2026-04-14,,"Curated vintage womenswear, Levi's & band tees | ",Market visit,contacted,physical,2026-04-14,,True,True,True,False,email,3
L1038,Moth Supply,physical,Used clothing store,@mothsupply,21354.0,,,mothsupply.co.uk,,,,63 Church Rd,London,"Peckham, London",UK,51.48089,-0.07608,1273,contacted,2026-04-16,,80s/90s denim & sportswear specialist,Referral,contacted,physical,2026-04-16,,True,False,False,False,instagram_dm,1
L1020,Cedar Exchange,store,Vintage boutique,@cedarexchange,24944.0,,,,info@cedarexchange.com,,Marco Green,18 High St,London,"Brick Lane, London",UK,51.5271,-0.06071,5229,1st touch sent,2026-04-23,,Retro football shirts & vintage sportswear | Owner mentioned they already buy from a Pakistan supplier.,Referral,contacted,physical,2026-04-23,,True,True,False,True,email,3
L1039,Echo Collective,store,Used clothing store,,,,,echocollective.com,,+44 7950240268,,30 Market St,London,"Peckham, London",UK,51.47343,-0.06233,2931,contacted,2026-06-15,,Reworked vintage and archive designer pieces,Google Maps scrape,contacted,physical,2026-06-15,,True,False,True,False,phone,1
L1056,Dusty Vault,,Retro clothing shop,@dustyvault,4117.0,,,dustyvault.shop,info@dustyvault.com,+44 7681447394,Ellie Meyer,52 Market St,London,"Notting Hill, London",UK,51.50026,-0.20622,3762,Contacted,28/06/2026,,"Vintage streetwear — Nike, Adidas, Ralph | ",Market visit,contacted,physical,2026-06-28,,True,True,True,True,email,4
L1024,Ragged Trading Co,,Retro clothing shop,@raggedtradingco,6466.0,,,raggedtradingco.co.uk,info@raggedtradingc.com,+44 7989413435,Leo Lopez,4 Cheshire St,London,"Brick Lane, London",UK,51.51204,-0.08241,3522,contacted,07/06/2026,,"Y2K, grunge and reworked one-off pieces | Busy on weekends — visit midweek.",Instagram,contacted,physical,2026-06-07,,True,True,True,True,email,4
L1090,Revival Supply,,Vintage boutique,@revivalsupply,4873.0,,,revivalsupply.shop,info@revivalsupply.com,+44 7767677219,James Diallo,75 High St,Bristol,"Stokes Croft, Bristol",UK,51.4596,-2.5891,2472,contacted,7 Jun,,"Retro football shirts & vintage sportswear | Left a voicemail, no callback yet.",Referral,contacted,physical,2026-06-07,,True,True,True,True,email,4
L1131,depopco11,,,@depopco11,30099.0,677.0,12%,,,,,,,,,,,2877,emailed,2026-06-29,,"Fast seller, good margins",Instagram,contacted,online_reseller,2026-06-29,,True,False,False,False,instagram_dm,1
L1072,Bygone Emporium,shop,Vintage boutique,,,,,bygoneemporium.shop,info@bygoneemporium.com,,Nadia Shah,46 Cheshire St,Brighton,"North Laine, Brighton",UK,50.82343,-0.14894,3278,1st touch sent,2026/03/12,,Hand-picked vintage from the 60s to the 90s,Google Maps scrape,contacted,physical,2026-12-03,,True,True,False,True,email,2
L1192,depoprail23,,,@depoprail23,21486.0,47.0,5%,,,,,,,,,,,422,Contacted,06/04/2026,,"Fast seller, good margins",Depop scrape,contacted,online_reseller,2026-04-06,,True,False,False,False,instagram_dm,1
L1086,Golden Era Loft,,Consignment store,@goldeneraloft,13533.0,,,,info@goldeneraloft.com,+44 7868058911,Noor Diallo,169 The Parade,Bristol,"Stokes Croft, Bristol",UK,51.45699,-2.5873,2314,new lead,,,"Vintage workwear, military surplus, carhartt",Instagram,new,physical,,,True,True,True,True,email,4
L1162,grailfinds3,,,@grailfinds3,27350.0,1238.0,18%,,,,,,,,,,,2781,Closed Lost,2026/06/27,,"IG shop, DMs open",Instagram,lost,online_reseller,2026-06-27,,True,False,False,False,instagram_dm,1
L1176,studioarchive99,,,@studioarchive99,27581.0,557.0,17%,,,,,,,,,,,614,New,,,Sells on Depop + Vinted,Depop scrape,new,online_reseller,,,True,False,False,False,instagram_dm,1
L1132,thriftedera71,,,@thriftedera71,42581.0,653.0,37%,,,,,,,,,,,1219,New,,,,Vinted scrape,new,online_reseller,,,True,False,False,False,instagram_dm,1
L1183,therail67,,,@therail67,34604.0,504.0,44%,,,,,,,,,,,1518,New,,,"Whatnot seller, live sales",Depop scrape,new,online_reseller,,,True,False,False,False,instagram_dm,1
L1074,Retrograde Store,,Thrift store,@retrogradestore,5094.0,,,retrogradestore.com,info@retrogradestor.com,+44 7644089268,,127 High St,Brighton,"North Laine, Brighton",UK,50.83733,-0.1294,2043,new - inbound,,,"Y2K, grunge and reworked one-off pieces",Referral,new,physical,,,True,True,True,False,email,3
L1115,Marlowe Goods,,Vintage & retro fashion,,,,,marlowegoods.com,,,Theo Rossi,153 Mill Lane,Amsterdam,Amsterdam,Netherlands,52.36327,4.90955,4658,new lead,,,Reworked vintage and archive designer pieces,Google Maps scrape,new,physical,,,True,False,False,True,in_person_only,1
L1052,Echo Store,physical,Vintage & retro fashion,@echostore,2458.0,,,echostore.co.uk,info@echostore.com,+44 7980893246,James Dubois,91 Union St,London,"Dalston, London",UK,51.5477,-0.0825,3837,NEW,,,Hand-picked vintage from the 60s to the 90s,Referral,new,physical,,,True,True,True,True,email,4
L1188,grailsupply32,depop,,@grailsupply32,5782.0,1165.0,16%,,,,,,,,,,,3456,not contacted,,,"Fast seller, good margins",Whatnot,new,online_reseller,,,True,False,False,False,instagram_dm,1
L1172,eragoods99,depop,,@eragoods99,61247.0,958.0,43%,,,,,,,,,,,2286,new - inbound,,,,Depop scrape,new,online_reseller,,,True,False,False,False,instagram_dm,1
L1146,archivepicks77,depop,,@archivepicks77,32948.0,1202.0,40%,,,,,,,,,,,2637,new - inbound,,,"IG shop, DMs open",Depop scrape,new,online_reseller,,,True,False,False,False,instagram_dm,1
L1161,sourcedera14,depop,,@sourcedera14,57076.0,316.0,39%,,sourcedera14@gmail.com,,,,,,,,,1883,new - inbound,,,,Depop scrape,new,online_reseller,,,True,True,False,False,instagram_dm,2
L1164,eragoods88,IG,,@eragoods88,12540.0,1189.0,41%,,eragoods88@gmail.com,,,,,,,,,1340,new - inbound,,,,Vinted scrape,new,online_reseller,,,True,True,False,False,instagram_dm,2
L1012,Heirloom Depot,,Retro clothing shop,@heirloomdepot,21276.0,,,heirloomdepot.shop,info@heirloomdepot.com,+44 7680112805,Dan Baker,38 Broadway,London,"Shoreditch, London",UK,51.51506,-0.0766,4377,Closed Lost,29/05/2026,,"Y2K, grunge and reworked one-off pieces",Google Maps scrape,lost,physical,2026-05-29,,True,True,True,True,email,4
L1078,Wilder & Sons,physical,Retro clothing shop,@wilderandsons,21430.0,,,,info@wilderandsons.com,+44 7801006231,,39 High St,Manchester,"Northern Quarter, Manchester",UK,53.47725,-2.23706,2335,NEW,,,Retro football shirts & vintage sportswear | ,Instagram,new,physical,,,True,True,True,False,email,3
L1187,deadthreads62,IG,,@deadthreads62,45162.0,500.0,56%,,,,,,,,,,,498,New,,,,Depop scrape,new,online_reseller,,,True,False,False,False,instagram_dm,1
L1179,reworkedera62,,,@reworkedera62,49020.0,312.0,59%,,,,,,,,,,,1697,NEW,,,"Whatnot seller, live sales",Instagram,new,online_reseller,,,True,False,False,False,instagram_dm,1
L1077,Velvet Closet,shop,Used clothing store,@velvetcloset,28714.0,,,velvetcloset.shop,,+44 7204899642,Hannah Byrne,59 Broadway,Manchester,"Northern Quarter, Manchester",UK,53.48567,-2.2421,804,not contacted,,,"Vintage streetwear — Nike, Adidas, Ralph",Instagram,new,physical,,,True,False,True,True,phone,3
L1123,Dusty Store,physical,Vintage boutique,@dustystore,6194.0,,,dustystore.co.uk,info@dustystore.com,,Yusuf Klein,44 Church Rd,New York,"Williamsburg, New York",USA,40.71475,-73.95367,1393,not interested,2026-05-22,,"Vintage streetwear — Nike, Adidas, Ralph | Instagram DMs open, email bounced.",Market visit,lost,physical,2026-05-22,,True,True,False,True,email,3
L1063,Rewind Society,,Used clothing store,@rewindsociety,15923.0,,,rewindsociety.co.uk,info@rewindsociety.com,+44 7298259526,Mila Lopez,152 The Parade,London,"Soho, London",UK,51.51398,-0.13377,1388,new - inbound,,,"Vintage streetwear — Nike, Adidas, Ralph | Instagram DMs open, email bounced.",Inbound,new,physical,,,True,True,True,True,email,4
L1145,depopthreads55,,,@depopthreads55,56244.0,552.0,5%,,depopthreads55@gmail.com,,,,,,,,,713,NEW,,,"Whatnot seller, live sales",Depop scrape,new,online_reseller,,,True,True,False,False,instagram_dm,2
L1173,thedrip50,,,@thedrip50,45650.0,889.0,57%,,,,,,,,,,,1638,New,,,"Fast seller, good margins",Depop scrape,new,online_reseller,,,True,False,False,False,instagram_dm,1
L1148,retropicks38,,,@retropicks38,54781.0,1359.0,5%,,,,,,,,,,,1308,new - inbound,,,Sells on Depop + Vinted,Whatnot,new,online_reseller,,,True,False,False,False,instagram_dm,1
L1011,Golden Era Trading Co,shop,Vintage clothing store,@goldeneratradingco,10210.0,,,goldeneratradingco.co.uk,info@goldeneratradi.com,,,30 Market St,London,"Shoreditch, London",UK,51.52982,-0.08027,2700,lost,2026-04-08,,"Vintage workwear, military surplus, carhartt | Keen but wants to see the app before committing.",Instagram,lost,physical,2026-08-04,,True,True,False,False,email,2
L1144,eraroom25,reseller,,@eraroom25,13053.0,385.0,52%,,,,,,,,,,,200,new lead,,,,Depop scrape,new,online_reseller,,,True,False,False,False,instagram_dm,1
L1032,Second Store,,Vintage & retro fashion,,,,,secondstore.co.uk,info@secondstore.com,,Ben Dubois,178 Broadway,London,"Camden, London",UK,51.5426,-0.13416,1794,not interested,2026-06-12,,"Vintage streetwear — Nike, Adidas, Ralph",Referral,lost,physical,2026-12-06,,True,True,False,True,email,2
L1178,deadpicks79,,,@deadpicks79,36982.0,1171.0,35%,,,,,,,,,,,2479,not contacted,,,"Whatnot seller, live sales",Whatnot,new,online_reseller,,,True,False,False,False,instagram_dm,1
L1083,Patina Store,,Retro clothing shop,@patinastore,14522.0,,,patinastore.shop,,+44 7886101581,,153 The Parade,Manchester,"Northern Quarter, Manchester",UK,53.49273,-2.2477,2389,New,,,"Reworked vintage and archive designer pieces | Heard of Fleek, thinks it's 'for small resellers'.",Instagram,new,physical,,,True,False,True,False,phone,2
L1051,Bygone Room,physical,Flea market,@bygoneroom,4908.0,,,bygoneroom.co.uk,info@bygoneroom.com,,,121 Church Rd,London,"Dalston, London",UK,51.55221,-0.07574,654,new lead,,,Reclaimed furniture and home restoration,Google Maps scrape,new,physical,,,True,True,False,False,email,2
L1023,Faded Finds,physical,Consignment store,,,,,fadedfinds.com,,+44 7678377701,Grace Diallo,104 Union St,London,"Brick Lane, London",UK,51.51635,-0.06954,1559,NEW,,,"Reworked vintage and archive designer pieces | Met at a market, said to drop by the shop.",Inbound,new,physical,,,True,False,True,True,phone,2
L1140,stockroom69,,,@stockroom69,7777.0,81.0,29%,,,,,,,,,,,2224,not contacted,,,"Whatnot seller, live sales",Depop scrape,new,online_reseller,,,True,False,False,False,instagram_dm,1
L1047,Second Room,shop,Used clothing store,@secondroom,1744.0,,,,info@secondroom.com,+44 7597820715,,22 Cheshire St,London,"Dalston, London",UK,51.54951,-0.08606,5518,no fit,2026/05/05,,"Y2K, grunge and reworked one-off pieces",Market visit,lost,physical,2026-05-05,,True,True,True,False,email,3
L1181,archivedrip82,,,@archivedrip82,61477.0,1259.0,32%,,,,,,,,,,,1998,New,,,"IG shop, DMs open",Depop scrape,new,online_reseller,,,True,False,False,False,instagram_dm,1
L1073,Nomad Denim,,Thrift store,@nomaddenim,22033.0,,,,info@nomaddenim.com,+44 7903311907,,154 High St,Brighton,"North Laine, Brighton",UK,50.81987,-0.15094,300,NEW,,,"Hand-picked vintage from the 60s to the 90s | Met at a market, said to drop by the shop.",BDR,new,physical,,,True,True,True,False,email,3
L1191,sourcedvault98,,,@sourcedvault98,9204.0,140.0,38%,,,,,,,,,,,1712,lost,2026-04-23,,,Whatnot,lost,online_reseller,2026-04-23,,True,False,False,False,instagram_dm,1
L1022,Time Warp Depot,shop,Thrift store,@timewarpdepot,23577.0,,,timewarpdepot.co.uk,,+44 7284987769,,69 The Parade,London,"Brick Lane, London",UK,51.52944,-0.06356,3707,not contacted,,,"Vintage streetwear — Nike, Adidas, Ralph | Left a voicemail, no callback yet.",BDR,new,physical,,,True,False,True,False,phone,2
L1100,Heirloom Apparel,shop,Vintage clothing store,@heirloomapparel,5317.0,,,heirloomapparel.com,info@heirloomappare.com,,Freya Green,108 Union St,Glasgow,Glasgow,UK,55.85992,-4.25381,3363,new - inbound,,,"Curated vintage womenswear, Levi's & band tees",Inbound,new,physical,,,True,True,False,True,email,3
L1189,retroco74,IG,,@retroco74,16191.0,525.0,60%,,,,,,,,,,,1337,new lead,,,"Whatnot seller, live sales",Whatnot,new,online_reseller,,,True,False,False,False,instagram_dm,1
L1112,Time Warp Exchange,physical,Vintage boutique,@timewarpexchange,16218.0,,,timewarpexchange.co.uk,info@timewarpexchan.com,,Theo Nowak,156 Broadway,Berlin,"Kreuzberg, Berlin",Germany,52.49077,13.39343,588,New,,,Hand-picked vintage from the 60s to the 90s | Keen but wants to see the app before committing.,Market visit,new,physical,,,True,True,False,True,email,3
L1124,Attic Garments,physical,Consignment store,@atticgarments,6644.0,,,atticgarments.shop,info@atticgarments.com,+33 603354216,Karim Cole,79 Church Rd,New York,"Williamsburg, New York",USA,40.70457,-73.9709,5294,new - inbound,,,Hand-picked vintage from the 60s to the 90s,Market visit,new,physical,,,True,True,True,True,email,4
L1089,Revival Trading Co,,Used clothing store,@revivaltradingco,11933.0,,,revivaltradingco.com,,+44 7499125134,Priya Nowak,96 Church Rd,Bristol,"Stokes Croft, Bristol",UK,51.46526,-2.59196,1250,no fit,15 Mar,,"Vintage workwear, military surplus, carhartt | Price-sensitive, compares to local wholesalers.",Market visit,lost,physical,2026-03-15,,True,False,True,True,phone,3
L1180,eraroom21,depop,,@eraroom21,53284.0,1157.0,44%,,,,,,,,,,,1057,new - inbound,,,,Depop scrape,new,online_reseller,,,True,False,False,False,instagram_dm,1
L1035,Attic Wardrobe,physical,Vintage clothing store,@atticwardrobe,8612.0,,,atticwardrobe.shop,,+44 7047095214,,84 Broadway,London,"Camden, London",UK,51.53122,-0.15143,5639,lost,06/04/2026,,80s/90s denim & sportswear specialist,Inbound,lost,physical,2026-04-06,,True,False,True,False,phone,2
L1139,stockpicks87,depop,,@stockpicks87,47353.0,266.0,53%,,,,,,,,,,,783,new lead,,,,Instagram,new,online_reseller,,,True,False,False,False,instagram_dm,1
L1008,Foundry & Sons,store,Vintage clothing store,@foundryandsons,6412.0,,,foundryandsons.co.uk,,+44 7317810801,Noor Diallo,43 Broadway,London,"Shoreditch, London",UK,51.52366,-0.07887,5326,NEW,,,"Curated vintage womenswear, Levi's & band tees | Owner mentioned they already buy from a Pakistan supplier.",BDR,new,physical,,,True,False,True,True,phone,3
L1014,Foundry Trading Co,,Used clothing store,@foundrytradingco,17092.0,,,,info@foundrytrading.com,+44 7850142940,Priya Dubois,112 The Parade,London,"Shoreditch, London",UK,51.52949,-0.07647,405,new lead,,,"Vintage workwear, military surplus, carhartt",Referral,new,physical,,,True,True,True,True,email,4
L1135,deadco25,IG,,@deadco25,47775.0,722.0,11%,,,,,,,,,,,1412,not contacted,,,,Depop scrape,new,online_reseller,,,True,False,False,False,instagram_dm,1
L1043,Dusty Corner,,Retro clothing shop,@dustycorner,25855.0,,,dustycorner.shop,info@dustycorner.com,+44 7102290147,Rosa Frost,125 Kingsland Rd,London,"Peckham, London",UK,51.47194,-0.07583,3738,new - inbound,,,"Curated vintage womenswear, Levi's & band tees",Inbound,new,physical,,,True,True,True,True,email,4
L1170,archivegoods76,,,@archivegoods76,10424.0,144.0,15%,,archivegoods76@gmail.com,,,,,,,,,1917,new - inbound,,,"IG shop, DMs open",Vinted scrape,new,online_reseller,,,True,True,False,False,instagram_dm,2
L1141,stockthreads26,depop,,@stockthreads26,10396.0,157.0,49%,,,,,,,,,,,1530,new lead,,,,Depop scrape,new,online_reseller,,,True,False,False,False,instagram_dm,1
L1065,Pinegrove Apparel,,Vintage & retro fashion,@pinegroveapparel,6074.0,,,pinegroveapparel.shop,info@pinegroveappar.com,+44 7585497334,,143 Mill Lane,London,"Soho, London",UK,51.5072,-0.12265,4737,new lead,,,Retro football shirts & vintage sportswear | Busy on weekends — visit midweek.,Instagram,new,physical,,,True,True,True,False,email,3
L1151,archiveera69,IG,,@archiveera69,57485.0,898.0,58%,,,,,,,,,,,2288,New,,,,Instagram,new,online_reseller,,,True,False,False,False,instagram_dm,1
L1168,reworkedvault57,depop,,@reworkedvault57,14661.0,337.0,16%,,,,,,,,,,,2325,New,,,"Whatnot seller, live sales",Whatnot,new,online_reseller,,,True,False,False,False,instagram_dm,1
L1082,Golden Era Goods,store,Vintage clothing store,@goldeneragoods,25747.0,,,goldeneragoods.com,info@goldeneragoods.com,+44 7477358662,,175 Broadway,Manchester,"Northern Quarter, Manchester",UK,53.47406,-2.23315,507,not contacted,,,"Vintage streetwear — Nike, Adidas, Ralph",Instagram,new,physical,,,True,True,True,False,email,3
L1081,Mercer Loft,,Used clothing store,,,,,,info@mercerloft.com,+44 7025039261,Grace Nowak,145 Union St,Manchester,"Northern Quarter, Manchester",UK,53.4856,-2.22761,4992,new - inbound,,,"Curated vintage womenswear, Levi's & band tees",Referral,new,physical,,,True,True,True,True,email,3
L1042,Relic Racks,physical,Used clothing store,@relicracks,12444.0,,,relicracks.co.uk,info@relicracks.com,+44 7936899809,Rosa Marsh,8 Church Rd,London,"Peckham, London",UK,51.46856,-0.0627,1199,new - inbound,,,"Vintage streetwear — Nike, Adidas, Ralph",Inbound,new,physical,,,True,True,True,True,email,4
